{"train/loss": 6.1397, "train/learning_rate": 1.0714285714285714e-07, "train/epoch": 0.01, "train/global_step": 10, "_runtime": 57, "_timestamp": 1645293419, "_step": 1, "eval/loss": 6.1373515129089355, "eval/runtime": 32.2583, "eval/samples_per_second": 52.483, "eval/steps_per_second": 13.144, "_wandb": {"runtime": 57}}