{"train/loss": 6.0993, "train/learning_rate": 1.0714285714285714e-07, "train/epoch": 0.01, "train/global_step": 10, "_runtime": 56, "_timestamp": 1645290316, "_step": 1, "eval/loss": 6.081273078918457, "eval/runtime": 32.4385, "eval/samples_per_second": 52.191, "eval/steps_per_second": 13.071}