{"train/loss": 6.1272, "train/learning_rate": 1.0714285714285714e-07, "train/epoch": 0.01, "train/global_step": 10, "_runtime": 456, "_timestamp": 1645297761, "_step": 2, "eval/loss": 6.167766094207764, "eval/runtime": 31.4837, "eval/samples_per_second": 53.774, "eval/steps_per_second": 13.467, "train_jaccard_score": 0.0056321375067043015, "train_f1_score": 0.010536272821202414, "_wandb": {"runtime": 456}}