{"train/loss": 5.8913, "train/learning_rate": 1.5789473684210526e-06, "train/epoch": 0.16, "train/global_step": 10, "_runtime": 100, "_timestamp": 1645297114, "_step": 2, "eval/loss": 5.859781742095947, "eval/runtime": 31.5781, "eval/samples_per_second": 53.613, "eval/steps_per_second": 13.427, "train_jaccard_score": 0.020277777777777777, "train_f1_score": 0.030523809523809523, "_wandb": {"runtime": 101}}